{
  "project_info": {
    "project_number": "595296725917",
    "project_id": "grid-master-9a257",
    "storage_bucket": "grid-master-9a257.firebasestorage.app"
  },
  "client": [
    {
      "client_info": {
        "mobilesdk_app_id": "1:595296725917:android:4be72cb389bde25fa85d74",
        "android_client_info": {
          "package_name": "Com.gridmaster.com"
        }
      },
      "oauth_client": [],
      "api_key": [
        {
          "current_key": "AIzaSyB_ULCoJlV9FLbjXp6rSLsz2dQokpkvzPo"
        }
      ],
      "services": {
        "appinvite_service": {
          "other_platform_oauth_client": []
        }
      }
    }
  ],
  "configuration_version": "1"
}